split,accuracy,f1_score,filas
validation,0.60893774343567,0.7142838365383352,111169
test,0.5249530453447814,0.6349258717034043,111810
